Piotr,Hanka,Jakub,Ondrej,text
2,2,2,1,Learning analytics for higher education: proposal of big data ingestion architecture
1,1,2,3,pg-Causality: Identifying Spatiotemporal Causal Pathways for Air Pollutants with Urban Big Data
1,1,1,2,Big data analytics for retail industry using MapReduce-Apriori framework
1,4,1,1,Processing and Analytics of Big Data Streams with Yahoo!S4
1,4,2,2,Big Data challenges in building the Global Earth Observation System of Systems
2,5,3,1,"Introduction to Big Data in Radiation Oncology: Exploring Opportunities for Research, Quality Assessment, and Clinical Care"
1,1,1,1,Big data in status epilepticus
2,2,1,1,Implications of Big Data in Accounting: Challenges and Opportunities
1,3,2,1,Big data analytics in supply chain and logistics: an empirical approach
3,4,2,3,Big data drives the development of Earth science
1,2,2,2,Lanthanide Complexes as Realizations of Qubits and Qugates for Quantum Computing
1,1,3,1,On-chip quantum interference with heralded photons from two independent micro-ring resonator sources in silicon photonics
2,4,3,3,Quantum Machine Learning Algorithms for Drug Discovery Applications
2,1,3,2,Towards reversible QCA computers: Reversible gates and ALU
1,1,2,3,Focusing on the hybrid quantum computing - Tabu search algorithm
1,3,3,1,"Study on solute-solvent interactions in the aqueous solutions containing guaifenesin drug, sodium chloride and potassium chloride salts in viewpoint of volumetric, electrical conductivity properties and quantum computing"
1,1,2,1,Bermudan option pricing by quantum amplitude estimation and Chebyshev interpolation
2,1,2,2,Collective strong coupling of cold atoms to an all-fiber ring cavity
2,2,3,1,Quantum chemistry simulation of ground- and excited-state properties of the sulfonium cation on a superconducting quantum processor
2,1,2,1,An introduction into fault-tolerant quantum computing
1,4,3,1,Cystoscopic Imaging for Bladder Cancer Detection Based on Stepwise Organic Transfer Learning with a Pretrained Convolutional Neural Network
3,2,4,1,Impact of artificial intelligence on radiology: a EuroAIM survey among members of the European Society of Radiology
2,1,2,2,"Mindplexes, Non-Ordinary Consciousness, and Artificial General Intelligence"
2,1,2,1,Leveraging Traditional Design for Reliability Techniques for Artificial Intelligence
3,2,3,1,Understanding Privacy Risks of Embeddings Induced by Large Language Models
3,1,2,2,"Autonomy, Intention, Performativity: Navigating the AI Divide"
3,1,3,1,"A Tripartite Architecture for Safe Artificial General Intelligence: Hardware-Enforced Ethics, Research-Grounded Harm Ontology, and Embodiment-Gated Cognition"
3,1,3,2,Foundational Principles Reimagined: Architecting Robust and General Artificial Intelligence
3,4,4,1,Exploring the Potential of ChatGPT-4 in Predicting Refractive Surgery Categorizations: Comparative Study
2,5,4,3,Digital twin brain: a bridge between biological intelligence and artificial intelligence
2,2,2,1,Inventory management and information sharing based on blockchain technology
2,1,3,1,A Medical Data Privacy Protection Scheme Based on Blockchain and Cloud Computing
2,1,2,1,Sustainable finance and blockchain: A systematic review and research agenda
2,1,3,2,ChainSensing: A Novel Mobile Crowdsensing Framework With Blockchain
2,1,2,1,An Incentive Mechanism for Sustainable Blockchain Storage
1,1,3,1,Blockchain acceptance rate prediction in the resilient supply chain with hybrid system dynamics and machine learning approach
3,2,3,1,"A literature review of blockchain technology applications in supply chains: A comprehensive analysis of themes, methodologies and industries"
3,3,2,1,Secure and Efficient Federated Learning Through Layering and Sharding Blockchain
3,2,2,2,The role of blockchain technology in the transition toward the circular economy: Findings from a systematic literature review
3,3,3,1,Privacy-friendly platform for healthcare data in cloud based on blockchain environment
1,4,2,3,"Algorithms, Blockchain &amp; Cryptocurrency: Implications for the Future of the Workplace"
3,2,3,1,"Prediction Of Cryptocurrency Prices Using Lstm, Svm And Polynomial Regression"
2,2,4,3,ADVANCED TECHNOLOGIES IN THE FIELD OF FINANCE - CRYPTOCURRENCY
3,3,3,2,Unsupervised Learning Based Detection Method for The Life Cycle of Virtual Cryptocurrency
2,3,4,2,Safer Gambling and Consumer Protection Failings Among 40 Frequently Visited Cryptocurrency-Based Online Gambling Operators
3,1,2,3,GeoFencing and Cryptocurrency Exchange Platforms; with Blockchain Anonymity
4,1,4,1,Forecasting Value-at-Risk and Expected Shortfall of Cryptocurrencies using Combinations based on Jump-Robust and Regime-Switching Models
3,3,3,4,Cryptocurrency is accounting coordination: Selfish mining and double spending in a simple mining game
1,4,3,2,Bitcoin and other cryptocurrencies where are theygoing?
2,1,2,1,An analysis of cryptocurrencies conditional cross correlations
4,1,3,2,DDoS Attack Detection Through Digital Twin Technique in Metaverse
2,5,4,4,The metaverse revolution: The end of traditional classrooms?
4,1,3,1,The Integration and Innovation of NFT and Digital Twin Technologies in Metaverse Architecture
3,2,3,2,Towards a Responsible Metaverse
3,1,3,3,A Context-Aware Onboarding Agent for Metaverse Powered by Large Language Models
5,4,1,2,The future of health in the metaverse
4,3,4,2,Tribal Streetwear will be the First Aesthetic Ethnicity for the Digital Metaverse
3,1,3,3,"Creating in the metaverse: An <scp>SSRL</scp>‐based collaborative painting approach to promote students' creativity, socially shared regulation and positive painting behaviours"
3,3,3,1,A Study on Factors Affecting the Intention to Use the Metaverse by Applying the Extended Technology Acceptance Model(ETAM) : Focused on the Virtual World Metaverse
2,4,4,3,Criminal Law in the Metaverse: Defining Wrongdoing in a Virtual World
2,1,4,2,Remote Sensing Detection and Resource Utilisation of Urban Sewage Sludge Based on Mobile Edge Computing
2,1,3,2,INVAR: Inversion Aware Resource Provisioning and Workload Scheduling for Edge Computing
1,1,2,1,Distributed and Dynamic Service Placement in Pervasive Edge Computing Networks
2,1,2,1,An Overview of Service Placement Problem in Fog and Edge Computing
1,1,2,1,A Survey of Mobile Edge Computing in the Industrial Internet
1,1,3,1,Reliability-Optimal Offloading in Low-Latency Edge Computing Networks: Analytical and Reinforcement Learning Based Designs
1,2,3,1,Joint Service Request Scheduling and Container Retention in Serverless Edge Computing for Vehicle-Infrastructure Collaboration
1,2,3,2,Edge Computing Terminal Equipment Planning Method for Real-time Online Monitoring Service of Power Grid
1,1,2,2,"Enabling Workload Engineering in Edge, Fog, and Cloud Computing through OpenStack-based Middleware"
3,3,3,1,Distributed task offloading strategy to low load base stations in mobile edge computing environment
3,4,3,2,Regulating Generative AI: Ethical Considerations and Explainability Benchmarks
3,5,4,2,Emotional analysis of operating room nurses in acute care hospitals in Japan: insights using ChatGPT
2,4,4,3,Improving EFL students’ cultural awareness: Reframing moral dilemmatic stories with ChatGPT
3,2,3,1,Integrating Multimodal Generative AI and Blockchain for Enhancing Generative Design in the Early Phase of Architectural Design Process
3,4,3,3,"Towards Smart Open Education Ecosystems through Generative AI, Blockchain, DAO, MMLA and NFT"
2,4,3,2,Applications of large language models in cancer care: current evidence and future perspectives
2,4,2,1,ID.8: Co-Creating Visual Stories with Generative AI
4,3,3,3,Generative AI-empowered Effective Physical-Virtual Synchronization in the Vehicular Metaverse
3,1,3,2,Prompt-to-OS (P2OS): Revolutionizing Operating Systems and Human-Computer Interaction with Integrated AI Generative Models
2,4,4,2,‘Words are Flowing Out Like Endless Rain Into a Paper Cup’: ChatGPT &amp; Law School Assessments
2,1,2,1,ChaI-TeA: A Benchmark for Evaluating Autocompletion of Interactions with LLM-based Chatbots
2,4,2,1,Incident management assistant using artificial intelligence chatbots
2,1,3,1,Business and Customer-Based Chatbot Activities: The Role of Customer Satisfaction in Online Purchase Intention and Intention to Reuse Chatbots
1,1,2,1,Value propositions of chatbots to support innovation management processes
4,2,2,1,Support of Existing Chatbot Development Framework for Arabic Language: A Brief Survey
4,3,1,2,The Ethnobot
2,4,4,1,Acceptance of Chatbot based on Emotional Intelligence through Machine Learning Algorithm
3,2,2,1,University Chatbot System Using Nlp
2,4,4,2,"Intention to use digital mental health solutions: A cross-sectional survey of university students attitudes and perceptions toward online therapy, mental health apps, and chatbots"
2,1,2,3,NLP based Cotton Crop Advisory: A Dialogflow - Powered Chatbot
1,1,2,2,Augmented Reality with Mobile and Ubiquitous Learning
4,1,2,2,Media Assemblr Edu Berbasis Augmented Reality Untuk Meningkatkan Hasil Belajar Materi Sistem Organisasi Kehidupan Makhluk Hidup
3,4,4,4,Three-dimensional Augmented Reality–guided Robotic-assisted Kidney Transplantation: Breaking the Limit of Atheromatic Plaques
3,3,4,3,Three-dimensional see-through augmented-reality display system using a holographic micromirror array
3,4,2,2,Game-based Learning using Augmented Reality
2,5,2,2,An Augmented Reality Interaction Interface for Autonomous Drone
3,3,2,1,Using augmented reality technologies for STEM education organization
2,4,3,2,Use of Augmented Reality During Inhaled Induction of General Anesthesia in 3 Pediatric Patients: A Case Report
2,3,3,2,AREDAPPS: Mobile Augmented Reality Development and Learning Framework Based on Augmented Reality Technology for Engineering Drawing Course
,3,3,1,A Review on Using Opportunities of Augmented Reality and Virtual Reality in Construction Project Management